<?xml version="1.0" encoding="UTF-8"?>
<project-private xmlns="http://www.netbeans.org/ns/project-private/1">
    <editor-bookmarks xmlns="http://www.netbeans.org/ns/editor-bookmarks/2" lastBookmarkId="0"/>
    <open-files xmlns="http://www.netbeans.org/ns/projectui-open-files/2">
        <group>
            <file>file:/E:/IoTCourse/GitRepository/TestRepository/Network/src/coap/exam01/client/CoapResource01Client.java</file>
            <file>file:/E:/IoTCourse/GitRepository/TestRepository/Network/src/coap/exam04/server/CoapResource04.java</file>
            <file>file:/E:/IoTCourse/GitRepository/TestRepository/Network/src/coap/exam04/client/CoapResource06Client.java</file>
            <file>file:/E:/IoTCourse/GitRepository/TestRepository/Network/src/coap/exam04/client/CoapResource04SendDataClient.java</file>
            <file>file:/E:/IoTCourse/GitRepository/TestRepository/Network/src/coap/exam04/server/CoapResource05.java</file>
            <file>file:/E:/IoTCourse/GitRepository/TestRepository/Network/src/coap/exam04/client/CoapResource04Client.java</file>
            <file>file:/E:/IoTCourse/GitRepository/TestRepository/Network/src/coap/exam02/server/CoapResourceSever.java</file>
            <file>file:/E:/IoTCourse/GitRepository/TestRepository/Network/src/coap/exam03/client/CoapResource03AsyncClient.java</file>
            <file>file:/E:/IoTCourse/GitRepository/TestRepository/Network/src/coap/exam01/server/CoapResource01.java</file>
            <file>file:/E:/IoTCourse/GitRepository/TestRepository/Network/src/coap/exam02/server/CoapResource02.java</file>
            <file>file:/E:/IoTCourse/GitRepository/TestRepository/Network/src/coap/exam02/client/CoapResource02Client.java</file>
            <file>file:/E:/IoTCourse/GitRepository/TestRepository/Network/src/coap/exam04/server/CoapResource06.java</file>
            <file>file:/E:/IoTCourse/GitRepository/TestRepository/Network/src/coap/exam01/server/CoapResourceSever.java</file>
            <file>file:/E:/IoTCourse/GitRepository/TestRepository/Network/src/coap/exam04/server/CoapResource03.java</file>
            <file>file:/E:/IoTCourse/GitRepository/TestRepository/Network/src/coap/exam04/client/CoapResource03Client.java</file>
            <file>file:/E:/IoTCourse/GitRepository/TestRepository/Network/src/coap/exam04/client/CoapResource05Client.java</file>
            <file>file:/E:/IoTCourse/GitRepository/TestRepository/Network/src/coap/exam04/server/CoapResourceSever.java</file>
        </group>
    </open-files>
</project-private>
