<?xml version="1.0" encoding="UTF-8"?>
<project-private xmlns="http://www.netbeans.org/ns/project-private/1">
    <editor-bookmarks xmlns="http://www.netbeans.org/ns/editor-bookmarks/2" lastBookmarkId="0"/>
    <open-files xmlns="http://www.netbeans.org/ns/projectui-open-files/2">
        <group>
            <file>file:/E:/IoTCourse/GitRepository/TestRepository/Hardware/src/test/GasSensorBuzzerDualLedServoMotorTest.java</file>
            <file>file:/E:/IoTCourse/GitRepository/TestRepository/Hardware/src/test/testLCD.java</file>
            <file>file:/E:/IoTCourse/GitRepository/TestRepository/Hardware/src/hardware/sensor/GasSensor.java</file>
            <file>file:/E:/IoTCourse/GitRepository/TestRepository/Hardware/src/hardware/camera/ViewerCanvasSample.java</file>
            <file>file:/E:/IoTCourse/GitRepository/TestRepository/Hardware/src/test/testTrackingSensor.java</file>
            <file>file:/E:/IoTCourse/GitRepository/TestRepository/Hardware/src/hardware/sensor/PhotoresistorSensor.java</file>
            <file>file:/E:/IoTCourse/GitRepository/TestRepository/Hardware/src/hardware/sensor/UltrasonicSensor.java</file>
            <file>file:/E:/IoTCourse/GitRepository/TestRepository/Hardware/src/hardware/converter/PCF8591.java</file>
            <file>file:/E:/IoTCourse/GitRepository/TestRepository/Hardware/src/hardware/laser/LaserEmitter.java</file>
            <file>file:/E:/IoTCourse/GitRepository/TestRepository/Hardware/src/hardware/sensor/TrackingSensor.java</file>
            <file>file:/E:/IoTCourse/GitRepository/TestRepository/Hardware/src/hardware/laser/Lazer.java</file>
            <file>file:/E:/IoTCourse/GitRepository/TestRepository/Hardware/src/hardware/sensor/ThermistorSensor.java</file>
            <file>file:/E:/IoTCourse/GitRepository/TestRepository/Hardware/src/hardware/motor/SG90ServoPCA9685Duration.java</file>
            <file>file:/E:/IoTCourse/GitRepository/TestRepository/Hardware/src/test/UltrasonicSensortest.java</file>
            <file>file:/E:/IoTCourse/GitRepository/TestRepository/Hardware/src/hardware/lcd/LCD1602.java</file>
            <file>file:/E:/IoTCourse/GitRepository/TestRepository/Hardware/src/hardware/motor/SG90ServoPCA9685Step.java</file>
        </group>
    </open-files>
</project-private>
