<?xml version="1.0" encoding="UTF-8"?>
<project-private xmlns="http://www.netbeans.org/ns/project-private/1">
    <editor-bookmarks xmlns="http://www.netbeans.org/ns/editor-bookmarks/2" lastBookmarkId="0"/>
    <open-files xmlns="http://www.netbeans.org/ns/projectui-open-files/2">
        <group>
            <file>file:/E:/IoTCourse/GitRepository/TestRepository/Hardware/src/hardware/sensor/UltrasonicSensor2.java</file>
            <file>file:/E:/IoTCourse/GitRepository/TestRepository/Hardware/src/hardware/sensor/PhotoresistorSensor.java</file>
            <file>file:/E:/IoTCourse/GitRepository/TestRepository/Hardware/src/hardware/sensor/UltrasonicSensor.java</file>
            <file>file:/E:/IoTCourse/GitRepository/TestRepository/Hardware/src/hardware/motor/DCMotor.java</file>
        </group>
    </open-files>
</project-private>
